OverTime,accuracy,selection_rate,true_positive_rate,true_negative_rate,false_positive_rate,false_negative_rate,balanced_accuracy
No,0.926829268292683,0.08231707317073171,0.56,0.9570957095709571,0.0429042904290429,0.44,0.7585478547854786
Yes,0.8761061946902655,0.3185840707964602,0.84375,0.8888888888888888,0.1111111111111111,0.15625,0.8663194444444444
