BusinessTravel,accuracy,selection_rate,true_positive_rate,true_negative_rate,false_positive_rate,false_negative_rate,balanced_accuracy
Non-Travel,0.9795918367346939,0.02040816326530612,0.5,1.0,0.0,0.5,0.75
Travel_Frequently,0.875,0.25,0.7777777777777778,0.9032258064516129,0.0967741935483871,0.2222222222222222,0.8405017921146953
Travel_Rarely,0.9134615384615384,0.1346153846153846,0.7027027027027027,0.9418181818181818,0.05818181818181818,0.2972972972972973,0.8222604422604423
