Gender,accuracy,selection_rate,true_positive_rate,true_negative_rate,false_positive_rate,false_negative_rate,balanced_accuracy
Female,0.9385474860335196,0.11731843575418995,0.7777777777777778,0.9565217391304348,0.043478260869565216,0.2222222222222222,0.8671497584541064
Male,0.8969465648854962,0.16030534351145037,0.6923076923076923,0.9327354260089686,0.06726457399103139,0.3076923076923077,0.8125215591583305
